input,expected,tags
"{""nlQuery"": ""How many merchants are active? Note some records store the status in upper case."", ""databaseName"": ""mango_marketplace""}","{""dbQuery"": ""{\""operation\"": \""count\"", \""collection\"": \""merchants\"", \""filter\"": {\""status\"": {\""$in\"": [\""active\"", \""ACTIVE\""]}}, \""pipeline\"": null, \""projection\"": null, \""sort\"": null, \""limit\"": null, \""distinct_field\"": null}"", ""result"": 395}",easy|count|drift|merchants
"{""nlQuery"": ""How many support tickets are currently open?"", ""databaseName"": ""mango_marketplace""}","{""dbQuery"": ""{\""operation\"": \""count\"", \""collection\"": \""support_tickets\"", \""filter\"": {\""status\"": \""open\""}, \""pipeline\"": null, \""projection\"": null, \""sort\"": null, \""limit\"": null, \""distinct_field\"": null}"", ""result"": 8008}",easy|count|support_tickets
"{""nlQuery"": ""How many catalog products are tangible (physical) goods?"", ""databaseName"": ""mango_marketplace""}","{""dbQuery"": ""{\""operation\"": \""count\"", \""collection\"": \""catalog\"", \""filter\"": {\""is_tangible\"": true}, \""pipeline\"": null, \""projection\"": null, \""sort\"": null, \""limit\"": null, \""distinct_field\"": null}"", ""result"": 10441}",easy|count|catalog
"{""nlQuery"": ""How many listings are live?"", ""databaseName"": ""mango_marketplace""}","{""dbQuery"": ""{\""operation\"": \""count\"", \""collection\"": \""listings\"", \""filter\"": {\""status\"": \""live\""}, \""pipeline\"": null, \""projection\"": null, \""sort\"": null, \""limit\"": null, \""distinct_field\"": null}"", ""result"": 25072}",easy|count|listings
"{""nlQuery"": ""How many users belong to the B2B segment?"", ""databaseName"": ""mango_marketplace""}","{""dbQuery"": ""{\""operation\"": \""count\"", \""collection\"": \""users\"", \""filter\"": {\""segment\"": \""b2b\""}, \""pipeline\"": null, \""projection\"": null, \""sort\"": null, \""limit\"": null, \""distinct_field\"": null}"", ""result"": 3590}",easy|count|users
"{""nlQuery"": ""How many orders were cancelled? Remember orders come in two schema versions."", ""databaseName"": ""mango_marketplace""}","{""dbQuery"": ""{\""operation\"": \""count\"", \""collection\"": \""orders\"", \""filter\"": {\""$or\"": [{\""status\"": \""cancelled\""}, {\""state\"": \""CANCELLED\""}]}, \""pipeline\"": null, \""projection\"": null, \""sort\"": null, \""limit\"": null, \""distinct_field\"": null}"", ""result"": 17550}",medium|count|drift|orders
"{""nlQuery"": ""How many loyalty accounts are in the platinum tier?"", ""databaseName"": ""mango_marketplace""}","{""dbQuery"": ""{\""operation\"": \""count\"", \""collection\"": \""loyalty_accounts\"", \""filter\"": {\""tier\"": \""platinum\""}, \""pipeline\"": null, \""projection\"": null, \""sort\"": null, \""limit\"": null, \""distinct_field\"": null}"", ""result"": 2452}",easy|count|loyalty
"{""nlQuery"": ""How many promotions are active?"", ""databaseName"": ""mango_marketplace""}","{""dbQuery"": ""{\""operation\"": \""count\"", \""collection\"": \""promotions\"", \""filter\"": {\""is_active\"": true}, \""pipeline\"": null, \""projection\"": null, \""sort\"": null, \""limit\"": null, \""distinct_field\"": null}"", ""result"": 182}",easy|count|promotions
"{""nlQuery"": ""How many listings are the buy-box winner? Beware the flag uses mixed boolean encodings."", ""databaseName"": ""mango_marketplace""}","{""dbQuery"": ""{\""operation\"": \""count\"", \""collection\"": \""listings\"", \""filter\"": {\""is_buybox_winner\"": {\""$in\"": [true, \""Y\"", \""true\"", 1, \""yes\""]}}, \""pipeline\"": null, \""projection\"": null, \""sort\"": null, \""limit\"": null, \""distinct_field\"": null}"", ""result"": 15078}",medium|count|drift|listings
"{""nlQuery"": ""How many shipments are in an exception state?"", ""databaseName"": ""mango_marketplace""}","{""dbQuery"": ""{\""operation\"": \""count\"", \""collection\"": \""shipments\"", \""filter\"": {\""status\"": \""exception\""}, \""pipeline\"": null, \""projection\"": null, \""sort\"": null, \""limit\"": null, \""distinct_field\"": null}"", ""result"": 5916}",easy|count|shipments
"{""nlQuery"": ""List 10 warehouses that support cold-chain storage; show name, city and capabilities."", ""databaseName"": ""mango_marketplace""}","{""dbQuery"": ""{\""operation\"": \""find\"", \""collection\"": \""warehouses\"", \""filter\"": {\""capabilities\"": \""cold_chain\""}, \""pipeline\"": null, \""projection\"": {\""_id\"": 0, \""name\"": 1, \""city\"": 1, \""country\"": 1, \""capabilities\"": 1}, \""sort\"": {\""name\"": 1}, \""limit\"": 10, \""distinct_field\"": null}"", ""result"": [{""name"": ""Brussels FC"", ""city"": ""Brussels"", ""country"": ""Belgium"", ""capabilities"": [""cold_chain"", ""oversized"", ""hazmat""]}, {""name"": ""Frankfurt FC"", ""city"": ""Frankfurt"", ""country"": ""Germany"", ""capabilities"": [""returns"", ""hazmat"", ""oversized"", ""cold_chain""]}, {""name"": ""Hamburg FC"", ""city"": ""Hamburg"", ""country"": ""Germany"", ""capabilities"": [""hazmat"", ""cold_chain""]}, {""name"": ""London FC"", ""city"": ""London"", ""country"": ""United Kingdom"", ""capabilities"": [""hazmat"", ""cross_dock"", ""cold_chain"", ""ambient""]}, {""name"": ""Madrid FC"", ""city"": ""Madrid"", ""country"": ""Spain"", ""capabilities"": [""ambient"", ""cold_chain"", ""cross_dock""]}, {""name"": ""Manchester FC"", ""city"": ""Manchester"", ""country"": ""United Kingdom"", ""capabilities"": [""cold_chain""]}, {""name"": ""Munich FC"", ""city"": ""Munich"", ""country"": ""Germany"", ""capabilities"": [""oversized"", ""cold_chain"", ""ambient"", ""returns""]}, {""name"": ""Naples FC"", ""city"": ""Naples"", ""country"": ""Italy"", ""capabilities"": [""cross_dock"", ""ambient"", ""cold_chain"", ""returns""]}, {""name"": ""New York FC"", ""city"": ""New York"", ""country"": ""United States"", ""capabilities"": [""cold_chain""]}, {""name"": ""Rome FC"", ""city"": ""Rome"", ""country"": ""Italy"", ""capabilities"": [""cold_chain""]}]}",easy|find|warehouses
"{""nlQuery"": ""Show 10 past-due subscriptions with their plan and monthly recurring revenue in EUR."", ""databaseName"": ""mango_marketplace""}","{""dbQuery"": ""{\""operation\"": \""find\"", \""collection\"": \""subscriptions\"", \""filter\"": {\""status\"": \""past_due\""}, \""pipeline\"": null, \""projection\"": {\""_id\"": 0, \""plan\"": 1, \""status\"": 1, \""mrr_eur\"": 1, \""interval\"": 1}, \""sort\"": {\""mrr_eur\"": -1}, \""limit\"": 10, \""distinct_field\"": null}"", ""result"": [{""plan"": ""mango_business"", ""interval"": ""weekly"", ""status"": ""past_due"", ""mrr_eur"": 128.96}, {""plan"": ""mango_business"", ""interval"": ""weekly"", ""status"": ""past_due"", ""mrr_eur"": 128.96}, {""plan"": ""mango_business"", ""interval"": ""weekly"", ""status"": ""past_due"", ""mrr_eur"": 128.96}, {""plan"": ""mango_business"", ""interval"": ""weekly"", ""status"": ""past_due"", ""mrr_eur"": 128.96}, {""plan"": ""mango_business"", ""interval"": ""weekly"", ""status"": ""past_due"", ""mrr_eur"": 128.96}, {""plan"": ""mango_business"", ""interval"": ""weekly"", ""status"": ""past_due"", ""mrr_eur"": 128.96}, {""plan"": ""mango_business"", ""interval"": ""weekly"", ""status"": ""past_due"", ""mrr_eur"": 128.96}, {""plan"": ""mango_business"", ""interval"": ""weekly"", ""status"": ""past_due"", ""mrr_eur"": 128.96}, {""plan"": ""mango_business"", ""interval"": ""weekly"", ""status"": ""past_due"", ""mrr_eur"": 128.96}, {""plan"": ""mango_business"", ""interval"": ""weekly"", ""status"": ""past_due"", ""mrr_eur"": 128.96}]}",medium|find|subscriptions
"{""nlQuery"": ""What distinct payment methods have been used?"", ""databaseName"": ""mango_marketplace""}","{""dbQuery"": ""{\""operation\"": \""distinct\"", \""collection\"": \""payments\"", \""filter\"": {}, \""pipeline\"": null, \""projection\"": null, \""sort\"": null, \""limit\"": null, \""distinct_field\"": \""method\""}"", ""result"": [""apple_pay"", ""bank_transfer"", ""card"", ""crypto"", ""gift_card"", ""google_pay"", ""klarna"", ""paypal""]}",easy|distinct|payments
"{""nlQuery"": ""What distinct carriers appear in shipments?"", ""databaseName"": ""mango_marketplace""}","{""dbQuery"": ""{\""operation\"": \""distinct\"", \""collection\"": \""shipments\"", \""filter\"": {}, \""pipeline\"": null, \""projection\"": null, \""sort\"": null, \""limit\"": null, \""distinct_field\"": \""carrier\""}"", ""result"": [""BRT"", ""Correos"", ""DHL"", ""DPD"", ""FedEx"", ""GLS"", ""PostNL"", ""UPS""]}",easy|distinct|shipments
"{""nlQuery"": ""What distinct brands exist in the Electronics category tree?"", ""databaseName"": ""mango_marketplace""}","{""dbQuery"": ""{\""operation\"": \""distinct\"", \""collection\"": \""catalog\"", \""filter\"": {\""category_path\"": {\""$regex\"": \""^Electronics\""}}, \""pipeline\"": null, \""projection\"": null, \""sort\"": null, \""limit\"": null, \""distinct_field\"": \""brand\""}"", ""result"": [""Anker"", ""Apple"", ""Asus"", ""Bose"", ""Dell"", ""Garmin"", ""HP"", ""LG"", ""Lenovo"", ""Samsung"", ""Sony"", ""Xiaomi""]}",medium|distinct|catalog
"{""nlQuery"": ""List the 10 highest-commission merchants; show display name, country and commission percentage."", ""databaseName"": ""mango_marketplace""}","{""dbQuery"": ""{\""operation\"": \""find\"", \""collection\"": \""merchants\"", \""filter\"": {\""deleted_at\"": {\""$exists\"": false}}, \""pipeline\"": null, \""projection\"": {\""_id\"": 0, \""display_name\"": 1, \""country\"": 1, \""commission_pct\"": 1, \""type\"": 1}, \""sort\"": {\""commission_pct\"": -1, \""merchant_code\"": 1}, \""limit\"": 10, \""distinct_field\"": null}"", ""result"": [{""display_name"": ""Morgan, Store"", ""type"": ""marketplace_3p"", ""country"": ""Denmark"", ""commission_pct"": 22.0}, {""display_name"": ""Collins, Store"", ""type"": ""marketplace_3p"", ""country"": ""Italy"", ""commission_pct"": 22.0}, {""display_name"": ""Key Store"", ""type"": ""marketplace_3p"", ""country"": ""Netherlands"", ""commission_pct"": 22.0}, {""display_name"": ""Smith-Cole Store"", ""type"": ""dropshipper"", ""country"": ""Netherlands"", ""commission_pct"": 22.0}, {""display_name"": ""Robinson Store"", ""type"": ""marketplace_3p"", ""country"": ""United States"", ""commission_pct"": 22.0}, {""display_name"": ""Santiago Store"", ""type"": ""brand"", ""country"": ""France"", ""commission_pct"": 22.0}, {""display_name"": ""Garcia Store"", ""type"": ""first_party"", ""country"": ""Italy"", ""commission_pct"": 21.9}, {""display_name"": ""Mayer-Bean Store"", ""type"": ""marketplace_3p"", ""country"": ""Germany"", ""commission_pct"": 21.9}, {""display_name"": ""Jenkins-Hall Store"", ""type"": ""reseller"", ""country"": ""Italy"", ""commission_pct"": 21.8}, {""display_name"": ""Benitez-Oconnell Store"", ""type"": ""marketplace_3p"", ""country"": ""Italy"", ""commission_pct"": 21.8}]}",medium|find|merchants
"{""nlQuery"": ""How many orders are split across more than one merchant group?"", ""databaseName"": ""mango_marketplace""}","{""dbQuery"": ""{\""operation\"": \""count\"", \""collection\"": \""orders\"", \""filter\"": {\""$expr\"": {\""$gt\"": [{\""$size\"": \""$groups\""}, 1]}}, \""pipeline\"": null, \""projection\"": null, \""sort\"": null, \""limit\"": null, \""distinct_field\"": null}"", ""result"": 165052}",medium|array|orders
"{""nlQuery"": ""How many listings are there for each condition (new, refurbished, used...)?"", ""databaseName"": ""mango_marketplace""}","{""dbQuery"": ""{\""operation\"": \""aggregate\"", \""collection\"": \""listings\"", \""filter\"": null, \""pipeline\"": [{\""$group\"": {\""_id\"": \""$condition\"", \""count\"": {\""$sum\"": 1}}}, {\""$sort\"": {\""count\"": -1, \""_id\"": 1}}], \""projection\"": null, \""sort\"": null, \""limit\"": null, \""distinct_field\"": null}"", ""result"": [{""_id"": ""new"", ""count"": 21369}, {""_id"": ""open_box"", ""count"": 7335}, {""_id"": ""used_like_new"", ""count"": 7147}, {""_id"": ""refurbished"", ""count"": 7108}, {""_id"": ""used_good"", ""count"": 7041}]}",medium|aggregate|listings
"{""nlQuery"": ""What is the average number of variants per catalog product?"", ""databaseName"": ""mango_marketplace""}","{""dbQuery"": ""{\""operation\"": \""aggregate\"", \""collection\"": \""catalog\"", \""filter\"": null, \""pipeline\"": [{\""$group\"": {\""_id\"": null, \""avg_variants\"": {\""$avg\"": {\""$size\"": \""$variants\""}}}}, {\""$project\"": {\""_id\"": 0, \""avg_variants\"": {\""$round\"": [\""$avg_variants\"", 3]}}}], \""projection\"": null, \""sort\"": null, \""limit\"": null, \""distinct_field\"": null}"", ""result"": [{""avg_variants"": 2.487}]}",medium|array|catalog
"{""nlQuery"": ""Total units sold per product variant across all orders — top 15 variants."", ""databaseName"": ""mango_marketplace""}","{""dbQuery"": ""{\""operation\"": \""aggregate\"", \""collection\"": \""orders\"", \""filter\"": null, \""pipeline\"": [{\""$unwind\"": \""$groups\""}, {\""$unwind\"": \""$groups.items\""}, {\""$group\"": {\""_id\"": \""$groups.items.variant_id\"", \""units\"": {\""$sum\"": \""$groups.items.qty\""}}}, {\""$sort\"": {\""units\"": -1, \""_id\"": 1}}, {\""$limit\"": 15}, {\""$project\"": {\""_id\"": 0, \""variant_id\"": \""$_id\"", \""units\"": 1}}], \""projection\"": null, \""sort\"": null, \""limit\"": null, \""distinct_field\"": null}"", ""result"": [{""units"": 385, ""variant_id"": ""CAT-005262-V1""}, {""units"": 355, ""variant_id"": ""CAT-006174-V1""}, {""units"": 354, ""variant_id"": ""CAT-002385-V1""}, {""units"": 352, ""variant_id"": ""CAT-004190-V1""}, {""units"": 351, ""variant_id"": ""CAT-011072-V1""}, {""units"": 350, ""variant_id"": ""CAT-003542-V1""}, {""units"": 347, ""variant_id"": ""CAT-006110-V1""}, {""units"": 346, ""variant_id"": ""CAT-003957-V1""}, {""units"": 345, ""variant_id"": ""CAT-001544-V1""}, {""units"": 345, ""variant_id"": ""CAT-011740-V1""}, {""units"": 337, ""variant_id"": ""CAT-011255-V1""}, {""units"": 334, ""variant_id"": ""CAT-008214-V1""}, {""units"": 332, ""variant_id"": ""CAT-005813-V1""}, {""units"": 331, ""variant_id"": ""CAT-003397-V1""}, {""units"": 329, ""variant_id"": ""CAT-001440-V1""}]}",hard|array|unwind|orders
"{""nlQuery"": ""How many shipments contain more than one package?"", ""databaseName"": ""mango_marketplace""}","{""dbQuery"": ""{\""operation\"": \""count\"", \""collection\"": \""shipments\"", \""filter\"": {\""$expr\"": {\""$gt\"": [{\""$size\"": \""$packages\""}, 1]}}, \""pipeline\"": null, \""projection\"": null, \""sort\"": null, \""limit\"": null, \""distinct_field\"": null}"", ""result"": 40185}",medium|array|shipments
"{""nlQuery"": ""Count promotions by their action kind (percentage_off, free_shipping, tiered, ...)."", ""databaseName"": ""mango_marketplace""}","{""dbQuery"": ""{\""operation\"": \""aggregate\"", \""collection\"": \""promotions\"", \""filter\"": null, \""pipeline\"": [{\""$group\"": {\""_id\"": \""$action.kind\"", \""count\"": {\""$sum\"": 1}}}, {\""$sort\"": {\""count\"": -1, \""_id\"": 1}}], \""projection\"": null, \""sort\"": null, \""limit\"": null, \""distinct_field\"": null}"", ""result"": [{""_id"": ""amount_off_eur"", ""count"": 354}, {""_id"": ""free_shipping"", ""count"": 340}, {""_id"": ""bundle_price_eur"", ""count"": 336}, {""_id"": ""tiered"", ""count"": 336}, {""_id"": ""percentage_off"", ""count"": 321}, {""_id"": ""buy_x_get_y"", ""count"": 313}]}",medium|aggregate|nested|promotions
"{""nlQuery"": ""Total order revenue in EUR — sum the EUR grand total across both order schema versions."", ""databaseName"": ""mango_marketplace""}","{""dbQuery"": ""{\""operation\"": \""aggregate\"", \""collection\"": \""orders\"", \""filter\"": null, \""pipeline\"": [{\""$group\"": {\""_id\"": null, \""revenue_eur\"": {\""$sum\"": {\""$ifNull\"": [\""$grand_total_eur\"", \""$totals.grand_total_eur\""]}}}}, {\""$project\"": {\""_id\"": 0, \""revenue_eur\"": {\""$round\"": [\""$revenue_eur\"", 2]}}}], \""projection\"": null, \""sort\"": null, \""limit\"": null, \""distinct_field\"": null}"", ""result"": [{""revenue_eur"": 2196109211.14}]}",hard|aggregate|drift|currency|orders
"{""nlQuery"": ""Order revenue in EUR broken down by sales channel."", ""databaseName"": ""mango_marketplace""}","{""dbQuery"": ""{\""operation\"": \""aggregate\"", \""collection\"": \""orders\"", \""filter\"": null, \""pipeline\"": [{\""$group\"": {\""_id\"": \""$channel\"", \""revenue_eur\"": {\""$sum\"": {\""$ifNull\"": [\""$grand_total_eur\"", \""$totals.grand_total_eur\""]}}}}, {\""$sort\"": {\""revenue_eur\"": -1, \""_id\"": 1}}, {\""$project\"": {\""_id\"": 0, \""channel\"": \""$_id\"", \""revenue_eur\"": {\""$round\"": [\""$revenue_eur\"", 2]}}}], \""projection\"": null, \""sort\"": null, \""limit\"": null, \""distinct_field\"": null}"", ""result"": [{""channel"": ""web"", ""revenue_eur"": 876861657.45}, {""channel"": ""ios_app"", ""revenue_eur"": 485532188.18}, {""channel"": ""android_app"", ""revenue_eur"": 434949702.16}, {""channel"": ""marketplace_api"", ""revenue_eur"": 220637738.3}, {""channel"": ""phone"", ""revenue_eur"": 89796881.07}, {""channel"": ""in_store"", ""revenue_eur"": 88331043.98}]}",hard|aggregate|drift|currency|orders
"{""nlQuery"": ""What is the average order value in EUR (across both schema versions)?"", ""databaseName"": ""mango_marketplace""}","{""dbQuery"": ""{\""operation\"": \""aggregate\"", \""collection\"": \""orders\"", \""filter\"": null, \""pipeline\"": [{\""$group\"": {\""_id\"": null, \""aov_eur\"": {\""$avg\"": {\""$ifNull\"": [\""$grand_total_eur\"", \""$totals.grand_total_eur\""]}}}}, {\""$project\"": {\""_id\"": 0, \""aov_eur\"": {\""$round\"": [\""$aov_eur\"", 2]}}}], \""projection\"": null, \""sort\"": null, \""limit\"": null, \""distinct_field\"": null}"", ""result"": [{""aov_eur"": 8784.44}]}",hard|aggregate|drift|currency|orders
"{""nlQuery"": ""Total captured payment amount in EUR per payment method."", ""databaseName"": ""mango_marketplace""}","{""dbQuery"": ""{\""operation\"": \""aggregate\"", \""collection\"": \""payments\"", \""filter\"": null, \""pipeline\"": [{\""$group\"": {\""_id\"": \""$method\"", \""captured_eur\"": {\""$sum\"": \""$captured_eur\""}}}, {\""$sort\"": {\""captured_eur\"": -1, \""_id\"": 1}}, {\""$project\"": {\""_id\"": 0, \""method\"": \""$_id\"", \""captured_eur\"": {\""$round\"": [\""$captured_eur\"", 2]}}}], \""projection\"": null, \""sort\"": null, \""limit\"": null, \""distinct_field\"": null}"", ""result"": [{""method"": ""card"", ""captured_eur"": 602158423.92}, {""method"": ""paypal"", ""captured_eur"": 253175541.58}, {""method"": ""klarna"", ""captured_eur"": 143960174.51}, {""method"": ""bank_transfer"", ""captured_eur"": 143764265.98}, {""method"": ""apple_pay"", ""captured_eur"": 113821985.42}, {""method"": ""google_pay"", ""captured_eur"": 86634397.66}, {""method"": ""gift_card"", ""captured_eur"": 44070713.17}, {""method"": ""crypto"", ""captured_eur"": 42805218.11}]}",medium|aggregate|payments
"{""nlQuery"": ""Average review rating on a 1-5 scale, normalising legacy 1-10 reviews (divide their score by 2)."", ""databaseName"": ""mango_marketplace""}","{""dbQuery"": ""{\""operation\"": \""aggregate\"", \""collection\"": \""reviews\"", \""filter\"": null, \""pipeline\"": [{\""$group\"": {\""_id\"": null, \""avg_rating_5\"": {\""$avg\"": {\""$switch\"": {\""branches\"": [{\""case\"": {\""$eq\"": [\""$scale\"", \""five\""]}, \""then\"": \""$rating\""}, {\""case\"": {\""$eq\"": [\""$scale\"", \""ten\""]}, \""then\"": {\""$divide\"": [\""$score\"", 2]}}], \""default\"": null}}}}}, {\""$project\"": {\""_id\"": 0, \""avg_rating_5\"": {\""$round\"": [\""$avg_rating_5\"", 3]}}}], \""projection\"": null, \""sort\"": null, \""limit\"": null, \""distinct_field\"": null}"", ""result"": [{""avg_rating_5"": 3.648}]}",hard|aggregate|drift|reviews
"{""nlQuery"": ""Monthly recurring revenue (EUR) summed per subscription plan."", ""databaseName"": ""mango_marketplace""}","{""dbQuery"": ""{\""operation\"": \""aggregate\"", \""collection\"": \""subscriptions\"", \""filter\"": null, \""pipeline\"": [{\""$group\"": {\""_id\"": \""$plan\"", \""mrr_eur\"": {\""$sum\"": \""$mrr_eur\""}}}, {\""$sort\"": {\""mrr_eur\"": -1, \""_id\"": 1}}, {\""$project\"": {\""_id\"": 0, \""plan\"": \""$_id\"", \""mrr_eur\"": {\""$round\"": [\""$mrr_eur\"", 2]}}}], \""projection\"": null, \""sort\"": null, \""limit\"": null, \""distinct_field\"": null}"", ""result"": [{""plan"": ""mango_business"", ""mrr_eur"": 116063.95}, {""plan"": ""fresh_box"", ""mrr_eur"": 82887.71}, {""plan"": ""coffee_club"", ""mrr_eur"": 59809.57}, {""plan"": ""mango_pro"", ""mrr_eur"": 40449.31}, {""plan"": ""mango_plus"", ""mrr_eur"": 20091.01}]}",medium|aggregate|subscriptions
"{""nlQuery"": ""Net balance per ledger account, treating credits as positive and debits as negative."", ""databaseName"": ""mango_marketplace""}","{""dbQuery"": ""{\""operation\"": \""aggregate\"", \""collection\"": \""ledger_entries\"", \""filter\"": null, \""pipeline\"": [{\""$group\"": {\""_id\"": \""$account\"", \""net_eur\"": {\""$sum\"": {\""$cond\"": [{\""$eq\"": [\""$side\"", \""credit\""]}, \""$amount_eur\"", {\""$multiply\"": [\""$amount_eur\"", -1]}]}}}}, {\""$sort\"": {\""net_eur\"": -1, \""_id\"": 1}}, {\""$project\"": {\""_id\"": 0, \""account\"": \""$_id\"", \""net_eur\"": {\""$round\"": [\""$net_eur\"", 2]}}}], \""projection\"": null, \""sort\"": null, \""limit\"": null, \""distinct_field\"": null}"", ""result"": [{""account"": ""revenue"", ""net_eur"": 702811770.98}, {""account"": ""merchant_payable"", ""net_eur"": 607306399.98}, {""account"": ""platform_fee"", ""net_eur"": 80736298.72}, {""account"": ""payment_fee"", ""net_eur"": -14769072.28}, {""account"": ""cogs"", ""net_eur"": -403863778.06}]}",hard|aggregate|nested|ledger
"{""nlQuery"": ""Count events by type."", ""databaseName"": ""mango_marketplace""}","{""dbQuery"": ""{\""operation\"": \""aggregate\"", \""collection\"": \""events\"", \""filter\"": null, \""pipeline\"": [{\""$group\"": {\""_id\"": \""$type\"", \""count\"": {\""$sum\"": 1}}}, {\""$sort\"": {\""count\"": -1, \""_id\"": 1}}], \""projection\"": null, \""sort\"": null, \""limit\"": null, \""distinct_field\"": null}"", ""result"": [{""_id"": ""page_view"", ""count"": 340160}, {""_id"": ""search"", ""count"": 180124}, {""_id"": ""add_to_cart"", ""count"": 120157}, {""_id"": ""app_open"", ""count"": 79847}, {""_id"": ""purchase"", ""count"": 69970}, {""_id"": ""checkout_start"", ""count"": 60071}, {""_id"": ""remove_from_cart"", ""count"": 50087}, {""_id"": ""wishlist_add"", ""count"": 49917}, {""_id"": ""review_submit"", ""count"": 29807}, {""_id"": ""support_open"", ""count"": 19860}]}",medium|aggregate|events
"{""nlQuery"": ""Total captured payment amount in EUR in 2025."", ""databaseName"": ""mango_marketplace""}","{""dbQuery"": ""{\""operation\"": \""aggregate\"", \""collection\"": \""payments\"", \""filter\"": null, \""pipeline\"": [{\""$match\"": {\""created_at\"": {\""$gte\"": \""2025-01-01T00:00:00\"", \""$lte\"": \""2025-12-31T23:59:59\""}}}, {\""$group\"": {\""_id\"": null, \""captured_eur\"": {\""$sum\"": \""$captured_eur\""}}}, {\""$project\"": {\""_id\"": 0, \""captured_eur\"": {\""$round\"": [\""$captured_eur\"", 2]}}}], \""projection\"": null, \""sort\"": null, \""limit\"": null, \""distinct_field\"": null}"", ""result"": [{""captured_eur"": 357823232.39}]}",medium|aggregate|date|payments
"{""nlQuery"": ""Top 10 merchants by amount payable to them (ledger merchant_payable account); show display name and country."", ""databaseName"": ""mango_marketplace""}","{""dbQuery"": ""{\""operation\"": \""aggregate\"", \""collection\"": \""ledger_entries\"", \""filter\"": null, \""pipeline\"": [{\""$match\"": {\""account\"": \""merchant_payable\""}}, {\""$group\"": {\""_id\"": \""$merchant_id\"", \""payable_eur\"": {\""$sum\"": \""$amount_eur\""}}}, {\""$sort\"": {\""payable_eur\"": -1, \""_id\"": 1}}, {\""$limit\"": 10}, {\""$lookup\"": {\""from\"": \""merchants\"", \""localField\"": \""_id\"", \""foreignField\"": \""_id\"", \""as\"": \""m\""}}, {\""$unwind\"": \""$m\""}, {\""$project\"": {\""_id\"": 0, \""merchant\"": \""$m.display_name\"", \""country\"": \""$m.country\"", \""payable_eur\"": {\""$round\"": [\""$payable_eur\"", 2]}}}], \""projection\"": null, \""sort\"": null, \""limit\"": null, \""distinct_field\"": null}"", ""result"": [{""merchant"": ""Cannon, Store"", ""country"": ""Switzerland"", ""payable_eur"": 1331944.86}, {""merchant"": ""Jacobs Store"", ""country"": ""United States"", ""payable_eur"": 1298766.94}, {""merchant"": ""Middleton, Store"", ""country"": ""France"", ""payable_eur"": 1216330.98}, {""merchant"": ""Chandler Store"", ""country"": ""Spain"", ""payable_eur"": 1212656.88}, {""merchant"": ""Baker Store"", ""country"": ""Switzerland"", ""payable_eur"": 1196557.32}, {""merchant"": ""Barry-Johnson Store"", ""country"": ""Japan"", ""payable_eur"": 1189621.31}, {""merchant"": ""Shaffer-Peterson Store"", ""country"": ""Canada"", ""payable_eur"": 1184491.97}, {""merchant"": ""Porter, Store"", ""country"": ""Sweden"", ""payable_eur"": 1150094.4}, {""merchant"": ""Wiley, Store"", ""country"": ""Portugal"", ""payable_eur"": 1144650.66}, {""merchant"": ""Larsen Store"", ""country"": ""Italy"", ""payable_eur"": 1141311.12}]}",hard|lookup|ledger|merchants
"{""nlQuery"": ""Top 10 best-selling catalog products by units sold; show product title and brand."", ""databaseName"": ""mango_marketplace""}","{""dbQuery"": ""{\""operation\"": \""aggregate\"", \""collection\"": \""orders\"", \""filter\"": null, \""pipeline\"": [{\""$unwind\"": \""$groups\""}, {\""$unwind\"": \""$groups.items\""}, {\""$group\"": {\""_id\"": \""$groups.items.product_id\"", \""units\"": {\""$sum\"": \""$groups.items.qty\""}}}, {\""$sort\"": {\""units\"": -1, \""_id\"": 1}}, {\""$limit\"": 10}, {\""$lookup\"": {\""from\"": \""catalog\"", \""localField\"": \""_id\"", \""foreignField\"": \""_id\"", \""as\"": \""p\""}}, {\""$unwind\"": \""$p\""}, {\""$project\"": {\""_id\"": 0, \""title\"": \""$p.title\"", \""brand\"": \""$p.brand\"", \""units\"": 1}}], \""projection\"": null, \""sort\"": null, \""limit\"": null, \""distinct_field\"": null}"", ""result"": [{""units"": 464, ""title"": ""Antinori Fully-configurable systemic knowledge user"", ""brand"": ""Antinori""}, {""units"": 455, ""title"": ""Sony Proactive neutral adapter"", ""brand"": ""Sony""}, {""units"": 418, ""title"": ""FixIt Organized 4thgeneration firmware"", ""brand"": ""FixIt""}, {""units"": 406, ""title"": ""Boss Ergonomic zero tolerance array"", ""brand"": ""Boss""}, {""units"": 398, ""title"": ""Alessi Realigned stable toolset"", ""brand"": ""Alessi""}, {""units"": 395, ""title"": ""Mann-Filter Synchronized stable infrastructure"", ""brand"": ""Mann-Filter""}, {""units"": 392, ""title"": ""Gucci Operative mobile access"", ""brand"": ""Gucci""}, {""units"": 389, ""title"": ""Asus Compatible demand-driven open system"", ""brand"": ""Asus""}, {""units"": 388, ""title"": ""Gucci Enhanced attitude-oriented utilization"", ""brand"": ""Gucci""}, {""units"": 387, ""title"": ""Zara Adaptive impactful attitude"", ""brand"": ""Zara""}]}",hard|lookup|unwind|orders|catalog
"{""nlQuery"": ""Total order subtotal (EUR) attributed to each merchant type (brand, reseller, ...)."", ""databaseName"": ""mango_marketplace""}","{""dbQuery"": ""{\""operation\"": \""aggregate\"", \""collection\"": \""orders\"", \""filter\"": null, \""pipeline\"": [{\""$unwind\"": \""$groups\""}, {\""$group\"": {\""_id\"": \""$groups.merchant_id\"", \""subtotal_eur\"": {\""$sum\"": \""$groups.group_subtotal_eur\""}}}, {\""$lookup\"": {\""from\"": \""merchants\"", \""localField\"": \""_id\"", \""foreignField\"": \""_id\"", \""as\"": \""m\""}}, {\""$unwind\"": \""$m\""}, {\""$group\"": {\""_id\"": \""$m.type\"", \""subtotal_eur\"": {\""$sum\"": \""$subtotal_eur\""}}}, {\""$sort\"": {\""subtotal_eur\"": -1, \""_id\"": 1}}, {\""$project\"": {\""_id\"": 0, \""merchant_type\"": \""$_id\"", \""subtotal_eur\"": {\""$round\"": [\""$subtotal_eur\"", 2]}}}], \""projection\"": null, \""sort\"": null, \""limit\"": null, \""distinct_field\"": null}"", ""result"": [{""merchant_type"": ""marketplace_3p"", ""subtotal_eur"": 704543906.24}, {""merchant_type"": ""reseller"", ""subtotal_eur"": 640907401.79}, {""merchant_type"": ""brand"", ""subtotal_eur"": 450408177.8}, {""merchant_type"": ""dropshipper"", ""subtotal_eur"": 243014179.86}, {""merchant_type"": ""first_party"", ""subtotal_eur"": 157190969.3}]}",hard|lookup|multihop|orders|merchants
"{""nlQuery"": ""Average normalised review rating (1-5) per brand; top 15 brands by review count."", ""databaseName"": ""mango_marketplace""}","{""dbQuery"": ""{\""operation\"": \""aggregate\"", \""collection\"": \""reviews\"", \""filter\"": null, \""pipeline\"": [{\""$lookup\"": {\""from\"": \""catalog\"", \""localField\"": \""product_id\"", \""foreignField\"": \""_id\"", \""as\"": \""p\""}}, {\""$unwind\"": \""$p\""}, {\""$group\"": {\""_id\"": \""$p.brand\"", \""avg_rating_5\"": {\""$avg\"": {\""$switch\"": {\""branches\"": [{\""case\"": {\""$eq\"": [\""$scale\"", \""five\""]}, \""then\"": \""$rating\""}, {\""case\"": {\""$eq\"": [\""$scale\"", \""ten\""]}, \""then\"": {\""$divide\"": [\""$score\"", 2]}}], \""default\"": null}}}, \""reviews\"": {\""$sum\"": 1}}}, {\""$sort\"": {\""reviews\"": -1, \""_id\"": 1}}, {\""$limit\"": 15}, {\""$project\"": {\""_id\"": 0, \""brand\"": \""$_id\"", \""reviews\"": 1, \""avg_rating_5\"": {\""$round\"": [\""$avg_rating_5\"", 3]}}}], \""projection\"": null, \""sort\"": null, \""limit\"": null, \""distinct_field\"": null}"", ""result"": [{""reviews"": 8055, ""brand"": ""Bosch"", ""avg_rating_5"": 3.644}, {""reviews"": 7813, ""brand"": ""Levi's"", ""avg_rating_5"": 3.648}, {""reviews"": 7748, ""brand"": ""Gucci"", ""avg_rating_5"": 3.672}, {""reviews"": 7626, ""brand"": ""Boss"", ""avg_rating_5"": 3.651}, {""reviews"": 7563, ""brand"": ""Nike"", ""avg_rating_5"": 3.648}, {""reviews"": 7538, ""brand"": ""Patagonia"", ""avg_rating_5"": 3.67}, {""reviews"": 7325, ""brand"": ""Adidas"", ""avg_rating_5"": 3.624}, {""reviews"": 7208, ""brand"": ""Sony"", ""avg_rating_5"": 3.621}, {""reviews"": 7194, ""brand"": ""Veja"", ""avg_rating_5"": 3.65}, {""reviews"": 7185, ""brand"": ""Uniqlo"", ""avg_rating_5"": 3.679}, {""reviews"": 7111, ""brand"": ""Asus"", ""avg_rating_5"": 3.631}, {""reviews"": 7028, ""brand"": ""Samsung"", ""avg_rating_5"": 3.652}, {""reviews"": 6708, ""brand"": ""HP"", ""avg_rating_5"": 3.671}, {""reviews"": 6687, ""brand"": ""Zara"", ""avg_rating_5"": 3.644}, {""reviews"": 6662, ""brand"": ""LG"", ""avg_rating_5"": 3.647}]}",hard|lookup|drift|reviews|catalog
"{""nlQuery"": ""Top 10 users by number of orders; show their segment, country and order count (orders use two schema versions)."", ""databaseName"": ""mango_marketplace""}","{""dbQuery"": ""{\""operation\"": \""aggregate\"", \""collection\"": \""orders\"", \""filter\"": null, \""pipeline\"": [{\""$group\"": {\""_id\"": {\""$ifNull\"": [\""$user_id\"", \""$customer_id\""]}, \""orders\"": {\""$sum\"": 1}}}, {\""$sort\"": {\""orders\"": -1, \""_id\"": 1}}, {\""$limit\"": 10}, {\""$lookup\"": {\""from\"": \""users\"", \""localField\"": \""_id\"", \""foreignField\"": \""_id\"", \""as\"": \""u\""}}, {\""$unwind\"": \""$u\""}, {\""$project\"": {\""_id\"": 0, \""segment\"": \""$u.segment\"", \""country\"": \""$u.country\"", \""orders\"": 1}}], \""projection\"": null, \""sort\"": null, \""limit\"": null, \""distinct_field\"": null}"", ""result"": [{""orders"": 17, ""segment"": ""regular"", ""country"": ""France""}, {""orders"": 16, ""segment"": ""regular"", ""country"": ""Austria""}, {""orders"": 15, ""segment"": ""b2b"", ""country"": ""Italy""}, {""orders"": 15, ""segment"": ""regular"", ""country"": ""Germany""}, {""orders"": 15, ""segment"": ""regular"", ""country"": ""Germany""}, {""orders"": 15, ""segment"": ""at_risk"", ""country"": ""United States""}, {""orders"": 15, ""segment"": ""regular"", ""country"": ""Japan""}, {""orders"": 14, ""segment"": ""regular"", ""country"": ""France""}, {""orders"": 14, ""segment"": ""regular"", ""country"": ""France""}, {""orders"": 14, ""segment"": ""churned"", ""country"": ""Italy""}]}",hard|lookup|drift|orders|users
"{""nlQuery"": ""Average delivery time in days per carrier for delivered shipments."", ""databaseName"": ""mango_marketplace""}","{""dbQuery"": ""{\""operation\"": \""aggregate\"", \""collection\"": \""shipments\"", \""filter\"": null, \""pipeline\"": [{\""$match\"": {\""status\"": \""delivered\"", \""actual_delivery\"": {\""$ne\"": null}}}, {\""$project\"": {\""carrier\"": 1, \""days\"": {\""$dateDiff\"": {\""startDate\"": \""$created_at\"", \""endDate\"": \""$actual_delivery\"", \""unit\"": \""day\""}}}}, {\""$group\"": {\""_id\"": \""$carrier\"", \""avg_days\"": {\""$avg\"": \""$days\""}, \""shipments\"": {\""$sum\"": 1}}}, {\""$sort\"": {\""avg_days\"": 1, \""_id\"": 1}}, {\""$project\"": {\""_id\"": 0, \""carrier\"": \""$_id\"", \""shipments\"": 1, \""avg_days\"": {\""$round\"": [\""$avg_days\"", 2]}}}], \""projection\"": null, \""sort\"": null, \""limit\"": null, \""distinct_field\"": null}"", ""result"": [{""shipments"": 9586, ""carrier"": ""DPD"", ""avg_days"": 8.86}, {""shipments"": 22331, ""carrier"": ""UPS"", ""avg_days"": 8.91}, {""shipments"": 22410, ""carrier"": ""GLS"", ""avg_days"": 8.93}, {""shipments"": 9842, ""carrier"": ""Correos"", ""avg_days"": 8.93}, {""shipments"": 37928, ""carrier"": ""DHL"", ""avg_days"": 8.93}, {""shipments"": 25333, ""carrier"": ""FedEx"", ""avg_days"": 8.95}, {""shipments"": 19253, ""carrier"": ""BRT"", ""avg_days"": 8.96}, {""shipments"": 12688, ""carrier"": ""PostNL"", ""avg_days"": 8.98}]}",hard|aggregate|date|shipments
"{""nlQuery"": ""For each warehouse, how many inventory snapshots are below their reorder threshold? Show warehouse city."", ""databaseName"": ""mango_marketplace""}","{""dbQuery"": ""{\""operation\"": \""aggregate\"", \""collection\"": \""inventory_snapshots\"", \""filter\"": null, \""pipeline\"": [{\""$match\"": {\""below_threshold\"": true}}, {\""$group\"": {\""_id\"": \""$warehouse_id\"", \""below\"": {\""$sum\"": 1}}}, {\""$sort\"": {\""below\"": -1, \""_id\"": 1}}, {\""$lookup\"": {\""from\"": \""warehouses\"", \""localField\"": \""_id\"", \""foreignField\"": \""_id\"", \""as\"": \""w\""}}, {\""$unwind\"": \""$w\""}, {\""$project\"": {\""_id\"": 0, \""warehouse\"": \""$w.name\"", \""city\"": \""$w.city\"", \""below\"": 1}}], \""projection\"": null, \""sort\"": null, \""limit\"": null, \""distinct_field\"": null}"", ""result"": [{""below"": 293, ""warehouse"": ""Milan FC"", ""city"": ""Milan""}, {""below"": 290, ""warehouse"": ""Stockholm FC"", ""city"": ""Stockholm""}, {""below"": 287, ""warehouse"": ""Brussels FC"", ""city"": ""Brussels""}, {""below"": 284, ""warehouse"": ""Berlin FC"", ""city"": ""Berlin""}, {""below"": 283, ""warehouse"": ""Lyon FC"", ""city"": ""Lyon""}, {""below"": 283, ""warehouse"": ""Manchester FC"", ""city"": ""Manchester""}, {""below"": 279, ""warehouse"": ""Zurich FC"", ""city"": ""Zurich""}, {""below"": 275, ""warehouse"": ""Munich FC"", ""city"": ""Munich""}, {""below"": 268, ""warehouse"": ""Toronto FC"", ""city"": ""Toronto""}, {""below"": 267, ""warehouse"": ""Rome FC"", ""city"": ""Rome""}, {""below"": 267, ""warehouse"": ""Valencia FC"", ""city"": ""Valencia""}, {""below"": 266, ""warehouse"": ""Copenhagen FC"", ""city"": ""Copenhagen""}, {""below"": 266, ""warehouse"": ""Hamburg FC"", ""city"": ""Hamburg""}, {""below"": 265, ""warehouse"": ""Madrid FC"", ""city"": ""Madrid""}, {""below"": 262, ""warehouse"": ""Naples FC"", ""city"": ""Naples""}, {""below"": 260, ""warehouse"": ""London FC"", ""city"": ""London""}, {""below"": 260, ""warehouse"": ""Vienna FC"", ""city"": ""Vienna""}, {""below"": 259, ""warehouse"": ""Warsaw FC"", ""city"": ""Warsaw""}, {""below"": 257, ""warehouse"": ""Oslo FC"", ""city"": ""Oslo""}, {""below"": 256, ""warehouse"": ""Amsterdam FC"", ""city"": ""Amsterdam""}, {""below"": 255, ""warehouse"": ""Paris FC"", ""city"": ""Paris""}, {""below"": 255, ""warehouse"": ""Rotterdam FC"", ""city"": ""Rotterdam""}, {""below"": 254, ""warehouse"": ""Turin FC"", ""city"": ""Turin""}, {""below"": 252, ""warehouse"": ""New York FC"", ""city"": ""New York""}, {""below"": 251, ""warehouse"": ""Barcelona FC"", ""city"": ""Barcelona""}, {""below"": 250, ""warehouse"": ""Tokyo FC"", ""city"": ""Tokyo""}, {""below"": 250, ""warehouse"": ""Los Angeles FC"", ""city"": ""Los Angeles""}, {""below"": 249, ""warehouse"": ""Chicago FC"", ""city"": ""Chicago""}, {""below"": 245, ""warehouse"": ""Lisbon FC"", ""city"": ""Lisbon""}, {""below"": 209, ""warehouse"": ""Frankfurt FC"", ""city"": ""Frankfurt""}]}",hard|lookup|inventory|warehouses
"{""nlQuery"": ""Units returned per return reason across all RMAs."", ""databaseName"": ""mango_marketplace""}","{""dbQuery"": ""{\""operation\"": \""aggregate\"", \""collection\"": \""returns\"", \""filter\"": null, \""pipeline\"": [{\""$unwind\"": \""$lines\""}, {\""$group\"": {\""_id\"": \""$lines.reason\"", \""units\"": {\""$sum\"": \""$lines.qty\""}}}, {\""$sort\"": {\""units\"": -1, \""_id\"": 1}}, {\""$project\"": {\""_id\"": 0, \""reason\"": \""$_id\"", \""units\"": 1}}], \""projection\"": null, \""sort\"": null, \""limit\"": null, \""distinct_field\"": null}"", ""result"": [{""units"": 10230, ""reason"": ""changed_mind""}, {""units"": 10143, ""reason"": ""too_small""}, {""units"": 10122, ""reason"": ""wrong_item""}, {""units"": 10047, ""reason"": ""late_delivery""}, {""units"": 10014, ""reason"": ""too_large""}, {""units"": 9968, ""reason"": ""defective""}, {""units"": 9865, ""reason"": ""not_as_described""}]}",hard|array|unwind|returns
"{""nlQuery"": ""How many orders have been delivered? Legacy orders record this as state 'COMPLETE'."", ""databaseName"": ""mango_marketplace""}","{""dbQuery"": ""{\""operation\"": \""count\"", \""collection\"": \""orders\"", \""filter\"": {\""$or\"": [{\""status\"": \""delivered\""}, {\""state\"": \""COMPLETE\""}]}, \""pipeline\"": null, \""projection\"": null, \""sort\"": null, \""limit\"": null, \""distinct_field\"": null}"", ""result"": 137172}",hard|count|drift|orders
"{""nlQuery"": ""How many merchants are verified? The verification flag uses mixed boolean encodings."", ""databaseName"": ""mango_marketplace""}","{""dbQuery"": ""{\""operation\"": \""count\"", \""collection\"": \""merchants\"", \""filter\"": {\""is_verified\"": {\""$in\"": [true, \""Y\"", \""true\"", 1, \""yes\""]}}, \""pipeline\"": null, \""projection\"": null, \""sort\"": null, \""limit\"": null, \""distinct_field\"": null}"", ""result"": 593}",medium|count|drift|merchants
"{""nlQuery"": ""How many grocery products are organic? Watch for mixed boolean encodings on the attribute."", ""databaseName"": ""mango_marketplace""}","{""dbQuery"": ""{\""operation\"": \""count\"", \""collection\"": \""catalog\"", \""filter\"": {\""attr_schema\"": \""grocery\"", \""attributes.organic\"": {\""$in\"": [true, \""Y\"", \""true\"", 1, \""yes\""]}}, \""pipeline\"": null, \""projection\"": null, \""sort\"": null, \""limit\"": null, \""distinct_field\"": null}"", ""result"": 477}",hard|count|drift|nested|catalog
"{""nlQuery"": ""How many reviews use the legacy 1-10 rating scale versus the modern 1-5 scale?"", ""databaseName"": ""mango_marketplace""}","{""dbQuery"": ""{\""operation\"": \""aggregate\"", \""collection\"": \""reviews\"", \""filter\"": null, \""pipeline\"": [{\""$group\"": {\""_id\"": \""$scale\"", \""count\"": {\""$sum\"": 1}}}, {\""$sort\"": {\""_id\"": 1}}], \""projection\"": null, \""sort\"": null, \""limit\"": null, \""distinct_field\"": null}"", ""result"": [{""_id"": ""five"", ""count"": 209989}, {""_id"": ""ten"", ""count"": 70011}]}",medium|aggregate|drift|reviews
"{""nlQuery"": ""How many orders were stored using the legacy v1 schema?"", ""databaseName"": ""mango_marketplace""}","{""dbQuery"": ""{\""operation\"": \""count\"", \""collection\"": \""orders\"", \""filter\"": {\""_schema_v\"": 1}, \""pipeline\"": null, \""projection\"": null, \""sort\"": null, \""limit\"": null, \""distinct_field\"": null}"", ""result"": 50075}",medium|count|drift|orders
"{""nlQuery"": ""Count orders by a normalised status that merges the legacy state vocabulary into the modern one."", ""databaseName"": ""mango_marketplace""}","{""dbQuery"": ""{\""operation\"": \""aggregate\"", \""collection\"": \""orders\"", \""filter\"": null, \""pipeline\"": [{\""$group\"": {\""_id\"": {\""$ifNull\"": [\""$status\"", {\""$switch\"": {\""branches\"": [{\""case\"": {\""$eq\"": [\""$state\"", \""NEW\""]}, \""then\"": \""created\""}, {\""case\"": {\""$eq\"": [\""$state\"", \""PROCESSING\""]}, \""then\"": \""paid\""}, {\""case\"": {\""$eq\"": [\""$state\"", \""SENT\""]}, \""then\"": \""shipped\""}, {\""case\"": {\""$eq\"": [\""$state\"", \""COMPLETE\""]}, \""then\"": \""delivered\""}, {\""case\"": {\""$eq\"": [\""$state\"", \""CANCELLED\""]}, \""then\"": \""cancelled\""}, {\""case\"": {\""$eq\"": [\""$state\"", \""REFUND\""]}, \""then\"": \""refunded\""}], \""default\"": {\""$toLower\"": \""$state\""}}}]}, \""count\"": {\""$sum\"": 1}}}, {\""$sort\"": {\""count\"": -1, \""_id\"": 1}}, {\""$project\"": {\""_id\"": 0, \""status\"": \""$_id\"", \""count\"": 1}}], \""projection\"": null, \""sort\"": null, \""limit\"": null, \""distinct_field\"": null}"", ""result"": [{""count"": 137172, ""status"": ""delivered""}, {""count"": 20092, ""status"": ""shipped""}, {""count"": 17550, ""status"": ""cancelled""}, {""count"": 15062, ""status"": ""partially_refunded""}, {""count"": 14991, ""status"": ""paid""}, {""count"": 12628, ""status"": ""refunded""}, {""count"": 12527, ""status"": ""partially_shipped""}, {""count"": 10073, ""status"": ""created""}, {""count"": 9905, ""status"": ""disputed""}]}",hard|aggregate|drift|orders
"{""nlQuery"": ""Distribution of card payments by card network (visa, mastercard, ...)."", ""databaseName"": ""mango_marketplace""}","{""dbQuery"": ""{\""operation\"": \""aggregate\"", \""collection\"": \""payments\"", \""filter\"": null, \""pipeline\"": [{\""$match\"": {\""method\"": \""card\""}}, {\""$group\"": {\""_id\"": \""$details.network\"", \""count\"": {\""$sum\"": 1}}}, {\""$sort\"": {\""count\"": -1, \""_id\"": 1}}, {\""$project\"": {\""_id\"": 0, \""network\"": \""$_id\"", \""count\"": 1}}], \""projection\"": null, \""sort\"": null, \""limit\"": null, \""distinct_field\"": null}"", ""result"": [{""count"": 27481, ""network"": ""visa""}, {""count"": 27317, ""network"": ""mastercard""}, {""count"": 27213, ""network"": ""maestro""}, {""count"": 26974, ""network"": ""amex""}]}",hard|aggregate|polymorphic|payments
"{""nlQuery"": ""Top 10 search queries by frequency from the events stream."", ""databaseName"": ""mango_marketplace""}","{""dbQuery"": ""{\""operation\"": \""aggregate\"", \""collection\"": \""events\"", \""filter\"": null, \""pipeline\"": [{\""$match\"": {\""type\"": \""search\""}}, {\""$group\"": {\""_id\"": \""$payload.q\"", \""searches\"": {\""$sum\"": 1}}}, {\""$sort\"": {\""searches\"": -1, \""_id\"": 1}}, {\""$limit\"": 10}, {\""$project\"": {\""_id\"": 0, \""query\"": \""$_id\"", \""searches\"": 1}}], \""projection\"": null, \""sort\"": null, \""limit\"": null, \""distinct_field\"": null}"", ""result"": [{""searches"": 13039, ""query"": ""sofa""}, {""searches"": 12935, ""query"": ""headphones""}, {""searches"": 12929, ""query"": ""coffee""}, {""searches"": 12927, ""query"": ""watch""}, {""searches"": 12908, ""query"": ""license""}, {""searches"": 12890, ""query"": ""laptop""}, {""searches"": 12876, ""query"": ""sneakers""}, {""searches"": 12864, ""query"": ""monitor""}, {""searches"": 12837, ""query"": ""tyres""}, {""searches"": 12833, ""query"": ""gpu""}]}",hard|aggregate|polymorphic|events
"{""nlQuery"": ""Average first-response time in minutes per support ticket priority (only tickets that got a response)."", ""databaseName"": ""mango_marketplace""}","{""dbQuery"": ""{\""operation\"": \""aggregate\"", \""collection\"": \""support_tickets\"", \""filter\"": null, \""pipeline\"": [{\""$match\"": {\""first_response_minutes\"": {\""$ne\"": null}}}, {\""$group\"": {\""_id\"": \""$priority\"", \""avg_first_response_min\"": {\""$avg\"": \""$first_response_minutes\""}, \""tickets\"": {\""$sum\"": 1}}}, {\""$sort\"": {\""avg_first_response_min\"": -1, \""_id\"": 1}}, {\""$project\"": {\""_id\"": 0, \""priority\"": \""$_id\"", \""tickets\"": 1, \""avg_first_response_min\"": {\""$round\"": [\""$avg_first_response_min\"", 1]}}}], \""projection\"": null, \""sort\"": null, \""limit\"": null, \""distinct_field\"": null}"", ""result"": [{""tickets"": 8258, ""priority"": ""high"", ""avg_first_response_min"": 726.6}, {""tickets"": 8349, ""priority"": ""low"", ""avg_first_response_min"": 724.9}, {""tickets"": 8256, ""priority"": ""medium"", ""avg_first_response_min"": 720.2}, {""tickets"": 8477, ""priority"": ""urgent"", ""avg_first_response_min"": 717.6}]}",medium|aggregate|support_tickets
"{""nlQuery"": ""For Klarna payments, how many use each installment plan length?"", ""databaseName"": ""mango_marketplace""}","{""dbQuery"": ""{\""operation\"": \""aggregate\"", \""collection\"": \""payments\"", \""filter\"": null, \""pipeline\"": [{\""$match\"": {\""method\"": \""klarna\""}}, {\""$group\"": {\""_id\"": \""$details.installments\"", \""count\"": {\""$sum\"": 1}}}, {\""$sort\"": {\""_id\"": 1}}, {\""$project\"": {\""_id\"": 0, \""installments\"": \""$_id\"", \""count\"": 1}}], \""projection\"": null, \""sort\"": null, \""limit\"": null, \""distinct_field\"": null}"", ""result"": [{""count"": 8485, ""installments"": 3}, {""count"": 8853, ""installments"": 4}, {""count"": 8675, ""installments"": 12}]}",hard|aggregate|polymorphic|payments
"{""nlQuery"": ""What are the latest EUR->USD and EUR->GBP exchange rates by period?"", ""databaseName"": ""mango_marketplace""}","{""dbQuery"": ""{\""operation\"": \""aggregate\"", \""collection\"": \""fx_rates\"", \""filter\"": null, \""pipeline\"": [{\""$match\"": {\""quote\"": {\""$in\"": [\""USD\"", \""GBP\""]}}}, {\""$sort\"": {\""valid_from\"": -1}}, {\""$group\"": {\""_id\"": \""$quote\"", \""latest_period\"": {\""$first\"": \""$period\""}, \""rate\"": {\""$first\"": \""$rate\""}}}, {\""$sort\"": {\""_id\"": 1}}, {\""$project\"": {\""_id\"": 0, \""quote\"": \""$_id\"", \""latest_period\"": 1, \""rate\"": 1}}], \""projection\"": null, \""sort\"": null, \""limit\"": null, \""distinct_field\"": null}"", ""result"": [{""latest_period"": ""2025-12"", ""rate"": 0.840452, ""quote"": ""GBP""}, {""latest_period"": ""2025-12"", ""rate"": 1.037016, ""quote"": ""USD""}]}",hard|aggregate|currency|fx_rates
